{"cameraMode":{"drawMode":0,"name":"Shaded","section":"Shading Mode"},"sceneLighting":true,"audioPlay":false,"sceneViewState":{"showFog":true,"showMaterialUpdate":true,"showSkybox":true,"showFlares":true,"showImageEffects":true,"showParticleSystems":true},"in2DMode":false,"pivot":{"x":233.1136016845703,"y":59.865936279296878,"z":-19.2510986328125},"rotation":{"x":-0.28943493962287905,"y":-0.023398026823997499,"z":0.007077949121594429,"w":-0.9568855166435242},"size":401.97015380859377,"orthographic":false}