{"cameraMode":{"drawMode":0,"name":"Shaded","section":"Shading Mode"},"sceneLighting":true,"audioPlay":false,"sceneViewState":{"showFog":true,"showMaterialUpdate":true,"showSkybox":true,"showFlares":true,"showImageEffects":true,"showParticleSystems":true},"in2DMode":false,"pivot":{"x":88.67631530761719,"y":9.371597290039063,"z":-34.384178161621097},"rotation":{"x":0.09180153906345368,"y":-0.8192753791809082,"z":0.13694851100444795,"w":0.5491862297058106},"size":8.640798568725586,"orthographic":false}