{"cameraMode":{"drawMode":0,"name":"Shaded","section":"Shading Mode"},"sceneLighting":true,"audioPlay":false,"sceneViewState":{"showFog":true,"showMaterialUpdate":true,"showSkybox":true,"showFlares":true,"showImageEffects":true,"showParticleSystems":true},"in2DMode":false,"pivot":{"x":98.95402526855469,"y":60.41034698486328,"z":-68.34087371826172},"rotation":{"x":0.37210533022880556,"y":0.1769765168428421,"z":-0.07250513136386872,"w":0.9082731008529663},"size":26.752975463867189,"orthographic":false}