{"cameraMode":{"drawMode":0,"name":"Shaded","section":"Shading Mode"},"sceneLighting":false,"audioPlay":false,"sceneViewState":{"showFog":true,"showMaterialUpdate":true,"showSkybox":false,"showFlares":true,"showImageEffects":true,"showParticleSystems":true},"in2DMode":false,"pivot":{"x":0.0,"y":0.6654355525970459,"z":0.028783701360225679},"rotation":{"x":0.00045321445213630795,"y":-0.9877084493637085,"z":0.15628093481063844,"w":0.0028577041812241079},"size":3.6519107818603517,"orthographic":false}