{"cameraMode":{"drawMode":0,"name":"Shaded","section":"Shading Mode"},"sceneLighting":true,"audioPlay":false,"sceneViewState":{"showFog":true,"showMaterialUpdate":true,"showSkybox":true,"showFlares":true,"showImageEffects":true,"showParticleSystems":true},"in2DMode":false,"pivot":{"x":-144.5126953125,"y":318.74505615234377,"z":134.3517608642578},"rotation":{"x":0.02788819931447506,"y":0.7239661812782288,"z":0.029319675639271737,"w":-0.6886476874351502},"size":67.13406372070313,"orthographic":false}