{"cameraMode":{"drawMode":0,"name":"Shaded","section":"Shading Mode"},"sceneLighting":true,"audioPlay":false,"sceneViewState":{"showFog":true,"showMaterialUpdate":true,"showSkybox":true,"showFlares":true,"showImageEffects":true,"showParticleSystems":true},"in2DMode":false,"pivot":{"x":82.63976287841797,"y":10.92597484588623,"z":4.154940605163574},"rotation":{"x":-0.14953705668449403,"y":-0.15970300137996674,"z":0.024483051151037217,"w":-0.9754661917686462},"size":36.840553283691409,"orthographic":false}