{"cameraMode":{"drawMode":0,"name":"Shaded","section":"Shading Mode"},"sceneLighting":true,"audioPlay":false,"sceneViewState":{"showFog":true,"showMaterialUpdate":true,"showSkybox":true,"showFlares":true,"showImageEffects":true,"showParticleSystems":true},"in2DMode":false,"pivot":{"x":-316.3594665527344,"y":-18.03607749938965,"z":339.688720703125},"rotation":{"x":-0.02395174466073513,"y":0.4222172796726227,"z":-0.011160052381455899,"w":-0.9061095118522644},"size":565.7930908203125,"orthographic":false}