{"cameraMode":{"drawMode":0,"name":"Shaded","section":"Shading Mode"},"sceneLighting":false,"audioPlay":false,"sceneViewState":{"showFog":true,"showMaterialUpdate":true,"showSkybox":false,"showFlares":true,"showImageEffects":true,"showParticleSystems":true},"in2DMode":false,"pivot":{"x":20.122087478637697,"y":6.265751838684082,"z":-14.048473358154297},"rotation":{"x":-0.033624712377786639,"y":0.9587326049804688,"z":0.12814654409885407,"w":0.2515544593334198},"size":13.805561065673829,"orthographic":false}