{"cameraMode":{"drawMode":0,"name":"Shaded","section":"Shading Mode"},"sceneLighting":true,"audioPlay":false,"sceneViewState":{"showFog":true,"showMaterialUpdate":true,"showSkybox":true,"showFlares":true,"showImageEffects":true,"showParticleSystems":true},"in2DMode":false,"pivot":{"x":134.66429138183595,"y":21.531505584716798,"z":-29.30504035949707},"rotation":{"x":0.19417384266853333,"y":-0.6771489977836609,"z":0.1924641728401184,"w":0.6831715703010559},"size":16.9481201171875,"orthographic":false}