{"cameraMode":{"drawMode":0,"name":"Shaded","section":"Shading Mode"},"sceneLighting":true,"audioPlay":false,"sceneViewState":{"showFog":true,"showMaterialUpdate":true,"showSkybox":true,"showFlares":true,"showImageEffects":true,"showParticleSystems":true},"in2DMode":false,"pivot":{"x":71.58648681640625,"y":14.52027702331543,"z":-19.195476531982423},"rotation":{"x":0.08315499871969223,"y":0.6935260891914368,"z":-0.0811116099357605,"w":0.7110047340393066},"size":2.3395495414733888,"orthographic":false}