{"cameraMode":{"drawMode":0,"name":"Shaded","section":"Shading Mode"},"sceneLighting":true,"audioPlay":false,"sceneViewState":{"showFog":true,"showMaterialUpdate":true,"showSkybox":true,"showFlares":true,"showImageEffects":true,"showParticleSystems":true},"in2DMode":false,"pivot":{"x":134.53335571289063,"y":21.748729705810548,"z":-29.653005599975587},"rotation":{"x":0.18678268790245057,"y":-0.6867398619651794,"z":0.18963508307933808,"w":0.6764163970947266},"size":16.9481201171875,"orthographic":false}