{"cameraMode":{"drawMode":0,"name":"Shaded","section":"Shading Mode"},"sceneLighting":true,"audioPlay":false,"sceneViewState":{"showFog":true,"showMaterialUpdate":true,"showSkybox":true,"showFlares":true,"showImageEffects":true,"showParticleSystems":true},"in2DMode":false,"pivot":{"x":137.21560668945313,"y":8.65118408203125,"z":-45.371524810791019},"rotation":{"x":-0.02785094641149044,"y":-0.9709756970405579,"z":0.14201104640960694,"w":-0.19042973220348359},"size":10.095577239990235,"orthographic":false}