{"cameraMode":{"drawMode":0,"name":"Shaded","section":"Shading Mode"},"sceneLighting":true,"audioPlay":false,"sceneViewState":{"showFog":true,"showMaterialUpdate":true,"showSkybox":true,"showFlares":true,"showImageEffects":true,"showParticleSystems":true},"in2DMode":false,"pivot":{"x":665.5715942382813,"y":-126.48712158203125,"z":171.72645568847657},"rotation":{"x":0.1050054207444191,"y":0.5783014297485352,"z":-0.07538660615682602,"w":0.8055173754692078},"size":633.0736083984375,"orthographic":false}