{"cameraMode":{"drawMode":0,"name":"Shaded","section":"Shading Mode"},"sceneLighting":true,"audioPlay":false,"sceneViewState":{"showFog":true,"showMaterialUpdate":true,"showSkybox":true,"showFlares":true,"showImageEffects":true,"showParticleSystems":true},"in2DMode":false,"pivot":{"x":962.7650146484375,"y":130.657958984375,"z":-102.01412963867188},"rotation":{"x":-0.09106320142745972,"y":-0.0241803340613842,"z":0.0022144168615341188,"w":-0.9955490827560425},"size":377.2577819824219,"orthographic":false}