{"cameraMode":{"drawMode":0,"name":"Shaded","section":"Shading Mode"},"sceneLighting":true,"audioPlay":false,"sceneViewState":{"showFog":true,"showMaterialUpdate":true,"showSkybox":true,"showFlares":true,"showImageEffects":true,"showParticleSystems":true},"in2DMode":false,"pivot":{"x":6.163341045379639,"y":28.146160125732423,"z":17.48596954345703},"rotation":{"x":0.14560408890247346,"y":0.062276557087898257,"z":-0.00918671302497387,"w":0.9873381853103638},"size":1.1431565284729005,"orthographic":false}