{"cameraMode":{"drawMode":0,"name":"Shaded","section":"Shading Mode"},"sceneLighting":true,"audioPlay":false,"sceneViewState":{"showFog":true,"showMaterialUpdate":true,"showSkybox":true,"showFlares":true,"showImageEffects":true,"showParticleSystems":true},"in2DMode":false,"pivot":{"x":6.447467803955078,"y":21.168668746948243,"z":44.98973083496094},"rotation":{"x":0.02873034030199051,"y":-0.31564030051231387,"z":-0.00955912284553051,"w":-0.9483957290649414},"size":7.779699325561523,"orthographic":false}