{"cameraMode":{"drawMode":0,"name":"Shaded","section":"Shading Mode"},"sceneLighting":true,"audioPlay":false,"sceneViewState":{"showFog":true,"showMaterialUpdate":true,"showSkybox":true,"showFlares":true,"showImageEffects":true,"showParticleSystems":true},"in2DMode":false,"pivot":{"x":14.10418701171875,"y":15.651712417602539,"z":60.256797790527347},"rotation":{"x":-0.048564568161964419,"y":0.002988879568874836,"z":0.00014263199409469962,"w":0.9988155961036682},"size":108.2315902709961,"orthographic":false}