{"cameraMode":{"drawMode":0,"name":"Shaded","section":"Shading Mode"},"sceneLighting":true,"audioPlay":false,"sceneViewState":{"showFog":true,"showMaterialUpdate":true,"showSkybox":true,"showFlares":true,"showImageEffects":true,"showParticleSystems":true},"in2DMode":false,"pivot":{"x":24.022212982177736,"y":22.098289489746095,"z":59.399993896484378},"rotation":{"x":0.02873034030199051,"y":-0.31564030051231387,"z":-0.00955912284553051,"w":-0.9483957290649414},"size":14.580885887145996,"orthographic":false}