{"cameraMode":{"drawMode":0,"name":"Shaded","section":"Shading Mode"},"sceneLighting":true,"audioPlay":false,"sceneViewState":{"showFog":true,"showMaterialUpdate":true,"showSkybox":true,"showFlares":true,"showImageEffects":true,"showParticleSystems":true},"in2DMode":false,"pivot":{"x":1852.056884765625,"y":716.8378295898438,"z":2.664254903793335},"rotation":{"x":0.031759440898895267,"y":0.03419211506843567,"z":0.0010897336760535837,"w":-0.9989099502563477},"size":95.1613998413086,"orthographic":false}