{"cameraMode":{"drawMode":0,"name":"Shaded","section":"Shading Mode"},"sceneLighting":true,"audioPlay":false,"sceneViewState":{"showFog":true,"showMaterialUpdate":true,"showSkybox":true,"showFlares":true,"showImageEffects":true,"showParticleSystems":true},"in2DMode":false,"pivot":{"x":1.8912829160690308,"y":19.184982299804689,"z":47.62574768066406},"rotation":{"x":-0.000009246533409168478,"y":0.9999731779098511,"z":0.0011876652715727687,"w":0.007232191506773233},"size":0.5816138982772827,"orthographic":false}