{"cameraMode":{"drawMode":0,"name":"Shaded","section":"Shading Mode"},"sceneLighting":true,"audioPlay":false,"sceneViewState":{"showFog":true,"showMaterialUpdate":true,"showSkybox":true,"showFlares":true,"showImageEffects":true,"showParticleSystems":true},"in2DMode":false,"pivot":{"x":-1.3260314464569092,"y":20.773683547973634,"z":47.23337173461914},"rotation":{"x":-0.12118592858314514,"y":-0.5354746580123901,"z":0.07798007875680924,"w":-0.8321658968925476},"size":0.5544737577438355,"orthographic":false}